20000.0000000000,20000.0000000000,20000.0000000000,20000.0000000000,20000.0000000000,20000.0000000000,20000.0000000000,20000.0000000000,20000.0000000000,20000.0000000000,20000.0000000000,20000.0000000000,20000.0000000000,20000.0000000000,20000.0000000000,20000.0000000000,20000.0000000000,20000.0000000000,20000.0000000000,20000.0000000000,20000.0000000000,20000.0000000000,20000.0000000000,20000.0000000000,20000.0000000000,20000.0000000000,20000.0000000000,20000.0000000000,20000.0000000000,20000.0000000000,20000.0000000000,20000.0000000000,20000.0000000000,20000.0000000000,20000.0000000000,20000.0000000000,20000.0000000000,20000.0000000000,20000.0000000000,20000.0000000000,20000.0000000000,20000.0000000000,20000.0000000000,20000.0000000000,20000.0000000000,20000.0000000000,20000.0000000000,20000.0000000000,20000.0000000000,20000.0000000000,20000.0000000000
20000.0000000000,225742.6394091161,371411.9142152491,480695.1808230639,564639.5130052343,629240.1909495442,678173.8944856967,713917.4352655505,738264.1964128764,752588.8032610635,757995.0149260144,755404.3304300278,745612.1727426779,729325.2198498001,707187.2062448268,679797.4123058952,647724.3624965666,611516.3318205590,571709.7297663999,528836.1109536015,483428.3851872337,436026.7297157990,387184.6784483495,337475.9684117368,287502.9397581348,237907.6969929780,189388.2127999994,142723.5902284098,98817.6943108501,58783.8218182284,24133.6428837279,20000.0000000000,20000.0000000000,20000.0000000000,20000.0000000000,20000.0000000000,20000.0000000000,20000.0000000000,20000.0000000000,20000.0000000000,20000.0000000000,20000.0000000000,20000.0000000000,20000.0000000000,20000.0000000000,20000.0000000000,20000.0000000000,20000.0000000000,20000.0000000000,20000.0000000000,20000.0000000000
20000.0000000000,374368.2669662529,645965.7105788497,857742.8275891383,1024033.3306050925,1154042.0863762009,1253988.0139535076,1328304.3089447035,1380312.6257199959,1412614.6341854297,1427329.2873905317,1426242.8586929645,1410907.6705912596,1382709.4492773048,1342914.8056293514,1292705.7601204563,1233205.6230413592,1165499.0375593316,1090648.0851238002,1009705.8231563239,923728.3112205314,833786.0461822791,740975.6860935023,646433.0954826250,551349.0765412532,456989.7607790751,364724.9144181259,276069.7479469173,192750.3788645262,116811.6571771080,50799.7130674185,20000.0000000000,20000.0000000000,20000.0000000000,20000.0000000000,20000.0000000000,20000.0000000000,20000.0000000000,20000.0000000000,20000.0000000000,20000.0000000000,20000.0000000000,20000.0000000000,20000.0000000000,20000.0000000000,20000.0000000000,20000.0000000000,20000.0000000000,20000.0000000000,20000.0000000000,20000.0000000000
20000.0000000000,490328.1893997592,867839.5704592778,1171236.6011523213,1414457.2599700477,1607672.5497729678,1758390.8331870423,1872298.6842107128,1953837.5052038347,2006587.8185933330,2033525.9066043105,2037197.8507263621,2019840.0612896981,1983464.7153749617,1929921.7670093174,1860945.0726751238,1778187.6073690464,1683249.1192973650,1577698.6183028375,1463093.4231107119,1340996.1535665218,1212990.8700997320,1080699.5032388894,945799.8695968727,810046.8809552400,675299.1466135654,543554.1642151158,416996.9220301475,298069.0508847387,189568.1970663261,94786.8157322653,20000.0000000000,20000.0000000000,20000.0000000000,20000.0000000000,20000.0000000000,20000.0000000000,20000.0000000000,20000.0000000000,20000.0000000000,20000.0000000000,20000.0000000000,20000.0000000000,20000.0000000000,20000.0000000000,20000.0000000000,20000.0000000000,20000.0000000000,20000.0000000000,20000.0000000000,20000.0000000000
20000.0000000000,584982.3069925049,1051992.5841093489,1435925.8402072748,1749178.1213534218,2001682.9873061005,2201333.7022003983,2354452.4946192242,2466188.8557966682,2540826.4354006685,2582010.7029714365,2592915.9269208540,2576367.9246574296,2534935.1623441880,2470997.3156121769,2386797.7587724235,2284484.5704112882,2166143.3577011465,2033824.3275192566,1889565.4652813564,1735413.3246934207,1573442.7580420000,1405776.8384213713,1234608.3294335271,1062224.3075708672,891035.9173100862,723615.8336750569,562746.7488133763,411484.7784197694,273241.3093194644,151883.5954189418,51846.0733246731,20000.0000000000,20000.0000000000,20000.0000000000,20000.0000000000,20000.0000000000,20000.0000000000,20000.0000000000,20000.0000000000,20000.0000000000,20000.0000000000,20000.0000000000,20000.0000000000,20000.0000000000,20000.0000000000,20000.0000000000,20000.0000000000,20000.0000000000,20000.0000000000,20000.0000000000
20000.0000000000,664442.5557146550,1207906.7859273960,1662383.1776986003,2038587.0461905343,2345711.0619723443,2591503.9271844728,2782481.5918441229,2924162.9719894831,3021283.5223040283,3077972.6923202761,3097895.5778449862,3084364.0681749322,3040423.6922778958,2968921.7130795261,2872561.0293987268,2753943.4452924933,2615605.0671127648,2460046.0212456775,2289756.2118498720,2107238.5836525708,1915031.1947388041,1715729.3161336211,1512008.8407836657,1306652.4039360792,1102579.8129734215,902884.5829445203,710878.5017854397,530145.7926767236,364606.9876983690,218588.8435831645,96888.2780764332,20000.0000000000,20000.0000000000,20000.0000000000,20000.0000000000,20000.0000000000,20000.0000000000,20000.0000000000,20000.0000000000,20000.0000000000,20000.0000000000,20000.0000000000,20000.0000000000,20000.0000000000,20000.0000000000,20000.0000000000,20000.0000000000,20000.0000000000,20000.0000000000,20000.0000000000
20000.0000000000,732395.8314954344,1341863.2408963030,1858230.6272625530,2290712.0238267607,2647619.0266026198,2936293.6064954577,3163169.1870341045,3333888.6790078776,3453436.7187363314,3526264.8234434146,3556401.0219392288,3547542.1690212018,3503130.2142787152,3426414.7594738537,3320504.4163229247,3188409.2943545040,3033076.6391130765,2857421.3242834583,2664352.6661107629,2456798.8305950370,2237730.0071128737,2010181.4327744502,1777277.3671235810,1542257.1716422008,1308504.6476098285,1079581.7714830884,859267.7679377513,651603.8253831094,460942.4307627901,291998.0869350848,149893.8318218451,40201.0851120594,20000.0000000000,20000.0000000000,20000.0000000000,53128.8571004825,20000.0000000000,20000.0000000000,20000.0000000000,20000.0000000000,20000.0000000000,20000.0000000000,20000.0000000000,20000.0000000000,20000.0000000000,20000.0000000000,20000.0000000000,20000.0000000000,20000.0000000000,20000.0000000000
20000.0000000000,791260.5791534247,1458212.1874460694,2029058.9964609121,2511757.1653915099,2913759.5935882796,3241899.7754908684,3502375.5914407391,3700792.3221080462,3842234.0926297219,3931344.2347401530,3972403.7589306352,3969402.8329562298,3926103.5289134076,3846093.8483462208,3732833.8653279613,3589695.1622472005,3419994.8006644058,3227025.0041182493,3014079.6651420696,2784478.6882885471,2541591.1370426472,2288858.0774224410,2029815.9985424599,1768121.6931522619,1507579.3708261936,1252170.6541690009,1006087.8005926071,773769.8658187479,559940.5120488144,369644.7377923470,208280.0102029380,81614.3580743407,20000.0000000000,20000.0000000000,20000.0000000000,51984.6422866372,198988.2310750700,20000.0000000000,20000.0000000000,20000.0000000000,20000.0000000000,20000.0000000000,20000.0000000000,20000.0000000000,20000.0000000000,20000.0000000000,20000.0000000000,20000.0000000000,20000.0000000000,20000.0000000000
20000.0000000000,842721.9181756908,1560085.7960579232,2179054.1418777290,2706551.4650818114,3149256.2030534931,3513478.2633430799,3805108.1009401302,4029616.1809047903,4192083.1541905412,4297245.8665755168,4349549.2802979816,4353198.3961725952,4312207.0355309863,4230442.1144928727,4111663.1146145803,3959557.0083371811,3777769.1939806873,3569931.1430249680,3339685.4930984918,3090709.3129612505,2826736.2769147377,2551578.4233058956,2269148.1558693270,1983481.1238762669,1698760.4416279376,1419342.5766067104,1149784.9278018821,894874.6012612917,659657.2217779687,449463.9042053671,269934.0518477311,127032.5756149362,27067.5800517384,20000.0000000000,20000.0000000000,53217.8658859460,194411.6852617649,341968.6864894436,20000.0000000000,20000.0000000000,20000.0000000000,20000.0000000000,20000.0000000000,20000.0000000000,20000.0000000000,20000.0000000000,20000.0000000000,20000.0000000000,20000.0000000000,20000.0000000000
20000.0000000000,888006.7152141825,1649812.3470233160,2311413.0033490807,2878891.1588919368,3358250.9719527815,3755306.1609334047,4075617.2016172498,4324467.8125222381,4506869.1148374276,4627581.2154740198,4691144.3303544214,4701914.0213693818,4664097.1085584750,4581786.2631300939,4458992.3121587131,4299673.9000471802,4107764.5654505058,3887197.5047891997,3641928.4204803715,3375956.9367554123,3093347.0654176250,2798247.1835933430,2494910.0028629303,2187712.9152742880,1881178.9726913935,1579998.6219209793,1289052.0380071921,1013431.5380770997,758463.1352628745,529725.8937974008,333067.5344027718,174614.6595369862,60774.7418928856,20000.0000000000,20000.0000000000,55758.0632936713,190219.8393670458,405909.9568330073,20000.0000000000,20000.0000000000,20000.0000000000,20000.0000000000,20000.0000000000,20000.0000000000,20000.0000000000,20000.0000000000,20000.0000000000,20000.0000000000,20000.0000000000,20000.0000000000
20000.0000000000,928037.7652878301,1729167.5033907087,2428621.0070319427,3031792.1949935192,3544107.9400492595,3970931.3173941523,4317498.3022791520,4588883.7831319245,4789990.4844352417,4925554.1868072748,5000159.5133937187,5018261.8455812177,4984212.2036527870,4902282.9873539535,4776693.3144935155,4611633.2400428150,4411286.5731628081,4179852.2633363698,3921564.4757076739,3640711.6029564319,3341654.4971227818,3028844.1965874778,2706839.4292876562,2380324.1217226731,2054125.0074767838,1733229.3102684533,1422802.2746157025,1128204.0564010011,855005.2234922358,608999.9243225616,396215.7513154675,222919.6373654805,95620.4812972100,21075.2541835021,20000.0000000000,58324.8288556329,184396.5002390300,391832.1134714902,617371.0688111297,20000.0000000000,20000.0000000000,20000.0000000000,20000.0000000000,20000.0000000000,20000.0000000000,20000.0000000000,20000.0000000000,20000.0000000000,20000.0000000000,20000.0000000000
20000.0000000000,963526.4370045151,1799533.4154083508,2532640.0090289149,3167674.6485394514,3709573.8432849515,4163301.0175137799,4533787.8675090251,4825897.0808530990,5044403.1582600921,5193987.2940267231,5279242.3919138853,5304684.8477444295,5274770.4561113333,5193912.5175376059,5066500.8081093626,4896920.5642692456,4689570.9991928767,4448883.1009850828,4179336.6399379298,3885476.4573828918,3571928.1331449845,3243413.1456176150,2904763.6803548685,2560937.1573762982,2217030.4550668439,1878293.7328519977,1550143.5826579705,1238175.0640457526,948172.0091418929,686114.8670966937,458185.3587342863,270767.2914844351,130443.0710725269,43984.8357317827,20000.0000000000,60557.1265058538,177813.5523195258,377519.6941978671,665559.6953577398,20000.0000000000,20000.0000000000,20000.0000000000,20000.0000000000,20000.0000000000,20000.0000000000,20000.0000000000,20000.0000000000,20000.0000000000,20000.0000000000,20000.0000000000
20000.0000000000,995031.5307812969,1862003.4834369081,2625038.2956137946,3288497.7464385484,3856903.2924256050,4334868.9096553335,4727049.0614793142,5038102.0077973083,5272667.0167537304,5435353.1511588497,5530737.0633964799,5563367.3749665115,5537773.5715126302,5458477.7795261545,5330008.1868638471,5156913.2381265927,4943776.0339265009,4695228.5619136207,4415965.5505722351,4110757.8844031407,3784465.5418186709,3442050.0487103839,3088586.4764626152,2729274.9656376336,2369451.6620112634,2014598.9035867788,1670354.3873533886,1342518.9003423417,1037062.0843296973,760125.6397151784,518023.3294379887,317237.0851331537,164408.4449559433,66324.1018837282,29893.4500147629,62105.9638194338,170023.5403391867,360741.3927795631,641138.6670545294,186569.8896967457,20000.0000000000,20000.0000000000,20000.0000000000,20000.0000000000,20000.0000000000,20000.0000000000,20000.0000000000,20000.0000000000,20000.0000000000,20000.0000000000
20000.0000000000,1022998.3881371300,1917453.7436399632,2707082.4635625132,3395859.5675140377,3987955.7571582170,4487682.2121784808,4899445.5049640778,5227713.4395947121,5476991.3531684391,5651807.6749306172,5756707.1187493317,5796249.8456802480,5775015.0600481443,5697607.6976319756,5568667.1734272195,5392877.3533607582,5174977.1661277553,4919771.4452098170,4632141.6932878038,4317056.6211763481,3979582.3240991216,3624892.0051626335,3258275.1759730689,2885146.2329825540,2511052.2559519010,2141679.8290129313,1782860.5869805473,1440575.1153302337,1120954.7504378569,830280.7467741896,574980.2472430173,361618.4235488718,196886.0573931877,87581.5985532370,40586.2810569340,62829.9472488309,161251.5105392759,342712.8430368422,613742.2327852399,922744.4871346152,20000.0000000000,20000.0000000000,20000.0000000000,20000.0000000000,20000.0000000000,20000.0000000000,20000.0000000000,20000.0000000000,20000.0000000000,20000.0000000000
20000.0000000000,1047785.8477711848,1966592.9892018111,2779803.7183511872,3491071.4545311243,4104270.7805614090,4623452.1842369195,5052803.5237334706,5396619.1928217933,5659277.0746950554,5845222.7153336173,5958959.7757049333,6005045.6580062853,5988091.1907911478,5912763.3568183072,5783790.1893376447,5605967.1233152086,5384164.2406057566,5123333.9813634036,4828519.0015827678,4504859.9369482351,4157602.8916623397,3792106.5022749188,3413848.4285989688,3028431.1215617005,2641586.6850262908,2259180.5912764166,1887213.9709229062,1531824.1250942519,1199282.8499336131,895992.1244208909,628476.6590968777,403372.7863007612,227413.1598000329,107406.7482502364,50213.8381361076,62716.6177817030,151788.8032915784,324268.7707778216,586975.6631725887,940380.4573005576,20000.0000000000,20000.0000000000,20000.0000000000,20000.0000000000,20000.0000000000,20000.0000000000,20000.0000000000,20000.0000000000,20000.0000000000,20000.0000000000
20000.0000000000,1069685.3894682084,2009998.8503727508,2844046.6242078431,3575214.2117832131,4207126.5366785713,4743610.8518318189,5188664.0503017623,5546425.3506413745,5821154.6992017468,6017216.7188007273,6139069.6877696756,6191258.8667217838,6178413.3920244370,6105245.9576726202,5976554.6250574011,5797226.1332750497,5572240.2129535833,5306674.5058687096,5005709.7343271282,4674634.8809224330,4318852.1490947343,3943881.4917949182,3555364.5513968458,3159067.8119811900,2760884.7395850504,2366836.6831731000,1983072.2521166452,1615864.8433771229,1271607.9510389285,956807.8562318858,678073.2915957947,442101.6416075354,255661.2849319833,125569.8693630544,58668.7238598525,61794.8988972450,141755.7594024668,305319.5840078916,559263.1472598877,909449.4625648111,20000.0000000000,20000.0000000000,20000.0000000000,20000.0000000000,20000.0000000000,20000.0000000000,20000.0000000000,20000.0000000000,20000.0000000000,20000.0000000000
20000.0000000000,1088935.0621632149,2048144.3302854812,2900505.5504734898,3649181.0127792461,4297585.6528644143,4849356.6099684052,5308325.5917892512,5678494.9436171046,5964017.8390938006,6169182.6811637925,6298401.4568804903,6356201.6420847829,6347221.1468803249,6276205.7207432929,6148008.3112065792,5967589.8755691024,5740021.1977605354,5470485.3471142910,5164280.4566948516,4826822.5354694938,4463648.0976670627,4080416.3650508034,3682910.8390847640,3277040.0512593174,2868837.2462583999,2464458.7541862405,2070180.7883536688,1692394.3628597027,1337597.9971648913,1012387.8645761723,723445.0213952537,477519.3294543175,281409.7503243042,141940.7533966035,65934.7370396641,60180.8215290160,131401.1767514543,286217.8845027536,531128.8958272419,872263.3550814338,20000.0000000000,20000.0000000000,20000.0000000000,20000.0000000000,20000.0000000000,20000.0000000000,20000.0000000000,20000.0000000000,20000.0000000000,20000.0000000000
20000.0000000000,1105729.8284885522,2081417.6691231090,2949752.3060697448,3713710.4862624146,4376531.2540099537,4941690.9010872217,5412879.6166800028,5793980.6204547957,6089052.2317133956,6302313.0704616532,6438130.3176681446,6501010.8163276631,6495594.6945508998,6426651.0925658811,6299075.6165988157,6117889.1189348772,5888237.4204358151,5615391.6640169583,5304748.9810089860,4961833.1979919681,4592295.3719469197,4201913.8806981230,3796593.8642680738,3382365.8130649086,2965383.0515010003,2551917.8766552452,2148356.1007217453,1761189.7148165947,1397007.3741332416,1062482.4031246048,764358.0020736879,509429.3024596515,304521.9418341830,156466.7759104811,72070.0937884946,58078.1101459512,121132.1777758876,267703.2468196510,503965.9822856340,835390.9670273942,935778.3941262012,20000.0000000000,20000.0000000000,20000.0000000000,20000.0000000000,20000.0000000000,20000.0000000000,20000.0000000000,20000.0000000000,20000.0000000000
20000.0000000000,1120229.3626518021,2110137.4122468252,2992257.3280095938,3769412.4326182115,4444695.4360872479,5021447.7262777379,5503239.5864122761,5893852.0200681863,6197260.6087633092,6417621.6600071425,6559260.6876973342,6626663.1213684669,6624467.0581861818,6557457.7764796391,6430563.7301438749,6248853.6987346215,6017534.7874527834,5741951.0003874712,5427582.0836099377,5080042.4098564563,4705079.6594678536,4308573.0396229802,3896530.8490919787,3475087.1583591448,3050497.3577047219,2629132.3551318562,2217471.1769236699,1822091.7132495269,1449659.3427502743,1106913.1630423954,800649.5686469153,537702.8706911453,324922.6383607353,169147.3973186566,77174.0277848224,55721.6164506088,111387.0662204155,250586.5601519447,479472.5094726176,803795.6053639109,1131209.5134279877,20000.0000000000,20000.0000000000,20000.0000000000,20000.0000000000,20000.0000000000,20000.0000000000,20000.0000000000,20000.0000000000,20000.0000000000
20000.0000000000,1132564.0008011695,2134563.9750054725,3028406.0631543044,3816787.9225144973,4502681.8124890393,5089317.3545542462,5580164.6777877938,5978918.5273379041,6289483.7399689611,6515962.3596702963,6662642.4900595453,6733988.8727469435,6734635.0987887988,6669377.2540103942,6543168.8021266712,6361116.4595169602,6128476.7986150272,5850653.3350820122,5533193.8518943880,5181787.7140096175,4802262.9575578915,4400582.9046091000,3982842.0894861133,3555261.2919085003,3124181.4339206764,2696056.1171186999,2277442.5799190062,1874990.8385867635,1495430.7750493186,1145556.9495703969,832210.9142739858,562260.7847370269,342577.8615915953,180010.0670334782,81351.8801626630,53310.4310297493,102467.5157662517,235238.5888100423,457835.9708544046,776254.9877176717,1160580.2127602161,20000.0000000000,20000.0000000000,20000.0000000000,20000.0000000000,20000.0000000000,20000.0000000000,20000.0000000000,20000.0000000000,20000.0000000000
20000.0000000000,1142839.3095818374,2154908.5485256021,3058511.6845328710,3856245.0400787545,4550983.3676044354,5145865.3409111938,5644279.0521455472,6049848.0157980528,6366418.0354903694,6598045.2126056338,6748985.2364255879,6823683.9850901943,6826769.4066694928,6763044.5657501724,6637481.6987636052,6455217.0952820554,6221546.5946567096,5941921.4782886468,5621944.5266893078,5267366.0419371026,4884079.6043122485,4478117.3261931771,4055644.4120425158,3622952.8043465512,3186453.6925082197,2752668.6695564874,2328219.3330276031,1919815.1159818668,1534239.1408082312,1178331.9135956510,858972.6832499560,583058.3065807571,357479.4975964114,189094.4283300591,84699.7209630522,50999.1681767233,94571.3189016410,221839.0504870302,439049.0860961846,752273.0157924937,1151598.7965127835,20000.0000000000,20000.0000000000,20000.0000000000,20000.0000000000,20000.0000000000,20000.0000000000,20000.0000000000,20000.0000000000,20000.0000000000
20000.0000000000,1151139.6037418202,2171339.9886355074,3082824.9621942202,3888111.1878370843,4589996.5302983038,5191547.6550907055,5696087.3687041774,6107182.1291694799,6428630.0655997051,6664449.7608294599,6818869.9625968989,6896320.2845611013,6901422.9036555933,6838985.1964431349,6713993.1959645674,6531605.7174730161,6297148.9984413534,6016111.6522523910,5694139.7218584847,5337031.6571988761,4950732.9936287114,4541330.5044302177,4115045.6489389492,3678227.0959944213,3237342.1019761283,2798966.5580288903,2369773.5068715848,1956519.9371777952,1566031.6763787223,1205186.2232402177,880893.4087205474,600073.7816510106,369634.6772190474,196444.0672491256,87302.4178728899,48913.1169543647,87852.7259068767,210543.4388542621,423231.8077665819,731975.1526575802,1134312.6999753483,20000.0000000000,20000.0000000000,20000.0000000000,20000.0000000000,20000.0000000000,20000.0000000000,20000.0000000000,20000.0000000000,20000.0000000000
20000.0000000000,1157530.6363567349,2183990.0878034360,3101541.8666634071,3912642.6224111025,4620032.1589612979,5226722.5978698134,5735987.0972445933,6151348.5125729879,6476568.3086538790,6715635.9721018169,6872759.0795676382,6952354.1241969196,6959038.1245652083,6897620.9809585428,6773098.5124737555,6590646.0423688078,6355612.3977840943,6073514.1494836491,5750029.9175854307,5390994.5423741685,5002392.9267226569,4590353.3533451026,4161140.0649178796,3721144.9159282739,3276877.8915864062,2834956.2989951586,2402092.4570124871,1985079.7059880875,1590776.5769642505,1226089.0018616153,897950.4688289122,613300.0698708817,379058.4714724284,202101.9181655184,89234.5421331397,47159.4785320955,82449.5923879870,201518.9795309765,410596.3441281824,715697.4881322820,1117488.5503304638,20000.0000000000,20000.0000000000,20000.0000000000,20000.0000000000,20000.0000000000,20000.0000000000,20000.0000000000,20000.0000000000,20000.0000000000
20000.0000000000,1162061.6252159318,2192957.5683710724,3114809.3317985018,3930031.7086099125,4641323.9415194979,5251659.9606486354,5764278.0613532774,6182670.3708391814,6510572.4016073169,6751952.9166575801,6911004.2719520396,6992133.3554399339,6999953.1586977616,6939274.9589363635,6815101.0738681499,6632618.0850635301,6397190.3960046675,6114353.9804045344,5789810.1545872800,5429419.1843613163,5039193.5410194350,4625290.6169142630,4194004.6929415883,3751757.9733550139,3305090.4957286175,2860648.7178355507,2425172.6250167568,2005481.1907364775,1608456.0441611344,1241023.2531336672,910133.1381593491,622738.0944588360,385768.4741659662,206106.6388994998,90559.4055777099,45829.2101610494,78484.3651736040,194928.6987886536,401370.3174050437,703786.0638932944,1104257.1692247174,20000.0000000000,20000.0000000000,20000.0000000000,20000.0000000000,20000.0000000000,20000.0000000000,20000.0000000000,20000.0000000000,20000.0000000000
20000.0000000000,1164766.7339569738,2198310.9849522002,3122729.4629377183,3940412.2423031759,4654034.5875131320,5266547.8164312765,5781169.5443547694,6201373.6315692598,6530880.1152876290,6773645.3478353126,6933852.5209755860,7015902.6739675328,7024406.2472887700,6964175.1755658556,6840215.4866731698,6657720.3062214749,6422063.1598169385,6138791.4410320520,5813619.8538659858,5452423.6911045108,5061231.7478578677,4646218.6666709604,4213696.5391341522,3770105.5842108103,3322003.6864284039,2876054.6198885613,2439014.8139805524,2017718.4934122271,1619061.0474758346,1249980.5544406488,917437.4081110243,628392.0057403120,389780.5545874666,208489.1218349143,91326.0765579852,44993.0897387487,76054.8418313789,190907.2648967875,395743.6166255829,696515.3397341733,1095931.6604938467,20000.0000000000,20000.0000000000,20000.0000000000,20000.0000000000,20000.0000000000,20000.0000000000,20000.0000000000,20000.0000000000,20000.0000000000
20000.0000000000,1165666.0715549719,2200090.7039718442,3125362.4109592806,3943863.0918460903,4658260.0764422454,5271497.1948765656,5786785.2081721090,6207591.9149352564,6537632.2094369046,6780858.3120814152,6941450.3537943726,7023807.4096853314,7032539.0461537903,6972457.3905140581,6848569.6760958703,6666071.1728501953,6430338.4108393444,6146922.5515392628,5821542.7236469509,5460079.1914183181,5068566.1533941496,4653183.9660231005,4220250.6236773767,3776212.3168103169,3327632.8475888195,2881181.7339023086,2443620.8613461875,2021789.5165237791,1622587.6583787217,1252957.3583371222,919862.3633512850,630265.7389395025,391105.6495623209,209269.3990920329,91565.8542367899,44696.3643840905,75224.2435778956,189542.5277160332,393839.2026267758,694057.0900097534,1093085.3709409125,20000.0000000000,20000.0000000000,20000.0000000000,20000.0000000000,20000.0000000000,20000.0000000000,20000.0000000000,20000.0000000000,20000.0000000000
20000.0000000000,1164766.2790773669,2198310.0595062184,3122728.0495666894,3940410.3218997745,4654032.1391353859,5266544.8172641834,5781165.9696494713,6201369.4546054080,6530875.3073416511,6773639.8781479094,6933846.3567490149,7015895.7803822560,7024398.5875181807,6964166.7108306019,6840206.1762856236,6657710.1077017598,6422052.0289837141,6138779.3321273224,5813606.7197367093,5452409.4833464716,5061216.4170194073,4646202.1624675244,4213678.8105965946,3770086.5799561758,3321983.3547938694,2876032.9090730688,2438991.6721820692,2017693.8688165650,1619034.8882275985,1249952.8084924808,917408.0229361901,628360.9280352119,389747.7299761297,208454.4949363207,91289.5920520407,44954.6960113640,76014.4997427112,190864.9665199314,395699.4204736032,696469.4294028281,1095883.4785523326,20000.0000000000,20000.0000000000,20000.0000000000,20000.0000000000,20000.0000000000,20000.0000000000,20000.0000000000,20000.0000000000,20000.0000000000
20000.0000000000,1162060.7208250305,2192955.7284166510,3114806.5217715856,3930027.8904910381,4641319.0736617967,5251653.9976611994,5764270.9540014239,6182662.0659462838,6510562.8419876602,6751942.0410788683,6910992.0151254917,6992119.6480070008,6999937.9273137469,6939258.1263196710,6815082.5589501224,6632597.8031422487,6397168.2589787412,6114329.8970049340,5789784.0306994468,5429390.9233413143,5039163.0440771608,4625257.7835159376,4193969.4211832876,3751720.1603635279,3305050.0380220129,2860605.5115846726,2425126.5662651756,2005432.1754724311,1608403.9682245196,1240968.0119267683,910074.6261827805,622676.2046271140,385703.0972111723,206037.6631417116,90486.7183254032,45752.7029988828,78403.9481437004,194844.3322093944,401282.0754598347,703694.2451472146,1104160.1655185428,20000.0000000000,20000.0000000000,20000.0000000000,20000.0000000000,20000.0000000000,20000.0000000000,20000.0000000000,20000.0000000000,20000.0000000000
20000.0000000000,1157529.2931810170,2183987.3551815110,3101537.6933125248,3912636.9518383774,4620024.9292790415,5226713.7415928887,5735976.5411443971,6151336.1775471102,6476554.1096244073,6715619.8179323589,6872740.8730403231,6952333.7620425764,6959015.4974768171,6897595.9737929571,6773071.0043354388,6590615.9069126295,6355579.5035111401,6073478.3600919405,5749991.0924040619,5390952.5368721075,5002347.5930394521,4590304.5408312008,4161087.6207211609,3721088.6855658372,3276817.7194283339,2834892.0287243486,2402023.9318675245,1985006.7689354212,1590699.0705784122,1226006.7679524685,897863.3478089825,613207.8998332523,378961.0871067948,201999.1499569780,89126.2167759892,47045.4229362526,82329.6468358512,201393.0317252513,410464.4073366341,715559.8604265496,1117341.1310637454,20000.0000000000,20000.0000000000,20000.0000000000,20000.0000000000,20000.0000000000,20000.0000000000,20000.0000000000,20000.0000000000,20000.0000000000
20000.0000000000,1151137.8377966005,2171336.3959206985,3082819.4752679528,3888103.7323943828,4589987.0248688012,5191536.0108157303,5696073.4891337166,6107165.9100712705,6428611.3948246986,6664428.5182030806,6818846.0198812159,6896293.5054375920,6901393.1438282887,6838952.3037473317,6713957.0106333066,6531566.0723598180,6297105.7194541609,6016064.5588281751,5694088.6274530003,5336976.3699511709,4950673.3170123780,4541266.2379485536,4114976.5888729310,3678153.0360865579,3237262.8340745517,2798881.8726044130,2369683.1934174066,1956423.7843608009,1565929.4719474937,1205077.7536209312,880778.4582872752,599952.1316132460,369506.1042486379,196308.3418351542,87159.3029779956,48762.3679223873,87694.0951835233,210376.6955115545,423056.8000513865,731791.9807439152,1134111.0064989098,20000.0000000000,20000.0000000000,20000.0000000000,20000.0000000000,20000.0000000000,20000.0000000000,20000.0000000000,20000.0000000000,20000.0000000000
20000.0000000000,1142837.1420695353,2154904.1388732539,3058504.9499511095,3856235.8892636090,4550971.7004250633,5145851.0481142048,5644262.0150579615,6049828.1061427072,6366395.1151630925,6598019.1335590268,6748955.8405819610,6823651.1043240651,6826732.8629155448,6763004.1710994374,6637437.2557528559,6455168.3971930882,6221493.4259863310,5941863.6152414782,5621881.7378498083,5267298.0889334297,4884006.2426143996,4478038.3059346359,4055559.4788236218,3622861.7000669288,3186356.1560355080,2752564.4373799437,2328108.1396223023,1919696.6939841416,1534113.2209405082,1178198.2241602184,858830.9494278337,582908.2491978898,357320.8316531724,188926.8609466635,84522.9485547065,50812.8718028062,94375.1562213903,221632.6437905320,438832.0193551888,752044.9114885225,1151332.4225567726,20000.0000000000,20000.0000000000,20000.0000000000,20000.0000000000,20000.0000000000,20000.0000000000,20000.0000000000,20000.0000000000,20000.0000000000
20000.0000000000,1132561.4580016953,2134558.8018906517,3028398.1625658227,3816777.1872269516,4502668.1248506885,5089300.5860914374,5580144.6889091088,5978895.1670459099,6289456.8456190154,6515931.7567967121,6662607.9922756106,6733950.2816904839,6734592.2041854253,6669329.8338353904,6543116.6228100741,6361059.2763519539,6128414.3561764099,5850585.3678300511,5533120.0848314380,5181707.8634501724,4802176.7319824211,4400490.0055215294,3982742.2122860136,3555154.1267197081,3124066.6663520387,2695933.4288066039,2277311.6488938890,1874851.3393726631,1495282.3784263351,1145399.3220512567,832043.7171372930,562083.6729026575,342390.4820972409,179812.0571829778,81142.8648576008,53090.0171014645,102235.2765834577,234994.0209288308,457578.3846996537,775983.2884681679,1160215.6096571665,20000.0000000000,20000.0000000000,20000.0000000000,20000.0000000000,20000.0000000000,20000.0000000000,20000.0000000000,20000.0000000000,20000.0000000000
20000.0000000000,1120226.4757556473,2110131.5391401537,2992248.3583383136,3769400.2445140118,4444679.8957003420,5021428.6873924900,5503216.8900354309,5893825.4941020897,6197230.0677240975,6417586.9048078768,6559221.5054740729,6626619.2854435956,6624418.3280445877,6557403.8979373034,6430504.4355663257,6248788.7073752545,6017463.8059288990,5741873.7232732186,5427498.1941332901,5079951.5806591138,4704981.5534414779,4308467.3108241977,3896417.1435641283,3474965.1149426443,3050366.6086616535,2628992.5266100657,2217321.8891136548,1821932.5802657404,1449489.9720885211,1106733.1547378474,800458.5140299590,537500.3508721595,324708.2225672101,168920.6412625818,76934.4724349375,55468.7869704246,111120.4666734776,250305.6402366548,479176.5113881261,803482.9679562000,1130616.4772248196,20000.0000000000,20000.0000000000,20000.0000000000,20000.0000000000,20000.0000000000,20000.0000000000,20000.0000000000,20000.0000000000,20000.0000000000
20000.0000000000,1105726.6333967238,2081411.1691060618,2949742.3789215893,3713696.9969246001,4376514.0540291639,4941669.8281658050,5412854.4942115946,5793951.2571612662,6089018.4212795123,6302274.5912623741,6438086.9325856864,6500962.2726139789,6495540.7238255683,6426591.4108876502,6299009.9246751610,6117817.1024565855,5888158.7505011773,5615305.9977091160,5304655.9620535383,4961732.4575313721,4592186.5293094376,4201796.5442447700,3796467.6321363174,3382230.2738079228,2965237.7845502663,2551762.4524688786,2148190.0806045597,1761012.6502960203,1396818.8059401787,1062281.8596748754,764144.9975494331,509203.3345325777,304282.4889621970,156213.2945251560,71802.0165181603,57794.8490803198,120833.1421577851,267387.8877578215,503633.8434427122,835041.3615867762,934340.5648011388,20000.0000000000,20000.0000000000,20000.0000000000,20000.0000000000,20000.0000000000,20000.0000000000,20000.0000000000,20000.0000000000,20000.0000000000
20000.0000000000,1088931.5992909861,2048137.2855701053,2900494.7914245687,3649166.3927827394,4297567.0106494613,4849333.7690779241,5308298.3600660367,5678463.1127529945,5963981.1842662506,6169140.9606568376,6298354.4118622653,6356148.9964167327,6347162.6070519406,6276140.9759120643,6147937.0333477855,5967511.7197504044,5739935.8025489012,5470392.3350495445,5164179.4349624310,4826713.0965363802,4463529.8200130453,4080288.8138679937,3682773.5668424871,3276892.5981020625,2868679.1401226125,2464289.5104905223,2069999.9092029894,1692201.3356947082,1337392.2928303382,1012168.9348154772,723212.2959176311,477272.2123365349,281147.6156156503,141662.9388449508,65640.5354925814,59869.4738583098,131071.8878812442,285869.9259608173,530762.0109224697,871878.7077044618,20000.0000000000,20000.0000000000,20000.0000000000,20000.0000000000,20000.0000000000,20000.0000000000,20000.0000000000,20000.0000000000,20000.0000000000,20000.0000000000
20000.0000000000,1069681.7034617749,2009991.3518151536,2844035.1719916919,3575198.6496016094,4207106.6924414095,4743586.5370514188,5188635.0595573978,5546391.4610899957,5821115.6700986819,6017172.2911263974,6139019.5838869372,6191202.7901813369,6178351.0273767253,6105176.9704859694,5976478.6619936619,5797142.8222855097,5572149.1636287449,5306575.3098747879,5005601.9659201438,4674518.0975522399,4318725.8919581193,3943745.2863925430,3555217.9078124603,3158910.2249947609,2760715.6882307362,2366655.6297831722,1982878.6406418281,1615658.0968916288,1271387.4684547554,956573.0083586317,677823.4167832818,441836.0411164744,255379.2173191278,125270.5410902431,58351.2689327391,61458.3393715467,141398.9616323563,304941.2134826885,558861.7591211903,909022.0759280497,20000.0000000000,20000.0000000000,20000.0000000000,20000.0000000000,20000.0000000000,20000.0000000000,20000.0000000000,20000.0000000000,20000.0000000000,20000.0000000000
20000.0000000000,1047781.9872119202,1966585.1356571314,2779791.7239526352,3491055.1552849845,4104249.9957221774,4623426.7156822653,5052773.1553364675,5396583.6899221223,5659236.1835692823,5845176.1627421677,5958907.2685201587,6004986.8829062749,5988025.8140387628,5912691.0241913190,5783710.5261413855,5605879.7344946871,5384068.7110115513,5123229.8761046557,4828405.8664612137,4504737.2988961302,4157470.2592162639,3791963.3658576249,3413694.2605555374,3028265.3757928703,2641408.7959719212,2258989.9720499106,1887010.0104032808,1531606.1837685728,1199050.2546051915,895744.1620466464,628212.5705319924,403091.7610345961,227114.3325270936,107089.1940157200,49876.5484920954,62358.4110423655,151408.2436145347,323863.9218840149,586543.3114835469,939896.1587674565,20000.0000000000,20000.0000000000,20000.0000000000,20000.0000000000,20000.0000000000,20000.0000000000,20000.0000000000,20000.0000000000,20000.0000000000,20000.0000000000
20000.0000000000,1022994.4052179784,1917445.6412975681,2707070.0891417246,3395842.7515325025,3987934.3125987109,4487655.9338488067,4899414.1688267495,5227676.8021854339,5476949.1509899152,5651759.6239772215,5756652.9140541470,5796189.1609286321,5774947.5473047644,5697532.9871960897,5568584.8737521321,5392787.0510833934,5174878.4262909451,4919663.8114751764,4632024.6882908531,4316929.7468918655,3979445.0621170281,3624743.8168005864,3258115.5020086919,2884974.4928320199,2510867.8459705990,2141482.1195377633,1782648.9178424545,1440348.7894007971,1120713.0253055282,830022.8248828296,574705.2659419880,361325.4484101441,196574.0849824334,87249.5769042936,40233.1315447281,62454.3149472577,160851.8360329777,342287.3551188483,613287.2655628787,922021.0594993992,20000.0000000000,20000.0000000000,20000.0000000000,20000.0000000000,20000.0000000000,20000.0000000000,20000.0000000000,20000.0000000000,20000.0000000000,20000.0000000000
20000.0000000000,995027.4809243764,1861995.2450468771,2625025.7133879066,3288480.6477127429,3856881.4864762840,4334842.1870016735,4727017.1931824442,5038064.7448455375,5272624.0894022947,5435304.2684079632,5530681.9124578312,5563305.6208004002,5537704.8565470567,5458401.7233811272,5329924.3861880545,5156821.2666172264,4943675.4424026161,4695118.8784854878,4415846.2809549198,4110628.5121534718,3784325.5285529089,3441898.8340428378,3088423.4775766064,2729099.5760326730,2369263.2491586003,2014396.8048591900,1670137.9036148933,1342287.2866350571,1036814.5370841677,759861.2806602406,517741.1876060307,316936.0816124059,164087.3944194024,65981.7826360270,29528.9856927297,61717.6668828371,169609.5359030384,360301.3288419230,640676.5796007350,181513.6739974309,20000.0000000000,20000.0000000000,20000.0000000000,20000.0000000000,20000.0000000000,20000.0000000000,20000.0000000000,20000.0000000000,20000.0000000000,20000.0000000000
20000.0000000000,963522.3784708667,1799525.1594908987,2532627.4000043543,3167657.5130132223,3709551.9895553095,4163274.2347633657,4533755.9251479739,4825859.7278222078,5044360.1223632591,5193938.2813251549,5279187.0861639958,5304622.9098908873,5274701.5239022337,5193836.2051975112,5066416.7061175331,4896828.2393115927,4689469.9941658750,4448772.9351648651,4179216.8092032024,3885346.4344865154,3571787.3678860385,3243261.0648681270,2904599.6874873256,2560760.6309447065,2216840.7459753999,1878090.1593558604,1549925.4221732537,1237941.5404545744,947922.2743891948,685847.9758764372,457900.2358119611,270462.6911988693,130117.5210855689,43636.5005425273,20000.0000000000,60161.8447078249,177389.2850726576,377064.3801620361,665062.8509560409,20000.0000000000,20000.0000000000,20000.0000000000,20000.0000000000,20000.0000000000,20000.0000000000,20000.0000000000,20000.0000000000,20000.0000000000,20000.0000000000,20000.0000000000
20000.0000000000,928033.7587080266,1729159.3533083249,2428608.5595969371,3031775.2787120640,3544086.3650382455,3970904.8746668301,4317466.7629996231,4588846.8979386408,4789947.9827069305,4925505.7760526119,5000104.8786168592,5018200.6487498824,4984144.0832271110,4902207.5579164764,4776610.1664967351,4611541.9396814480,4411186.6623780606,4179743.2599675199,3921445.8737510969,3640582.8729137536,3341515.0863566468,3028693.5295088748,2706676.9071055604,2380149.1213199161,2053936.8787302182,1733027.3707571523,1422585.8002090205,1127972.2656874394,854757.2534862732,608734.7946216203,395932.3145883327,222616.5180963059,95296.0224554336,20727.5835937719,20000.0000000000,57927.4906121191,183968.4248215517,391370.1052079248,616447.4750555311,20000.0000000000,20000.0000000000,20000.0000000000,20000.0000000000,20000.0000000000,20000.0000000000,20000.0000000000,20000.0000000000,20000.0000000000,20000.0000000000,20000.0000000000
20000.0000000000,888002.8231401640,1649804.4300186292,2311400.9118550923,2878874.7259479864,3358230.0125003983,3755280.4710844480,4075586.5578964436,4324431.9711964065,4506827.8111431981,4627534.1629940458,4691091.2203441961,4701854.5221881596,4664030.8651572363,4581712.8966323873,4458911.4196094731,4299585.0542059718,4107667.3148509748,3887091.3738857312,3641812.9100494701,3375831.5244529024,3093211.2064474653,2798100.3113900432,2494751.5295241256,2187542.2313320641,1880995.4454373361,1579801.5910081789,1288840.8064531500,1013205.3555049503,758221.1692007426,529467.1833523589,332790.9189881710,174318.6726773232,60457.4423480650,20000.0000000000,20000.0000000000,55365.3129475536,189795.7929819610,405450.7599210668,20000.0000000000,20000.0000000000,20000.0000000000,20000.0000000000,20000.0000000000,20000.0000000000,20000.0000000000,20000.0000000000,20000.0000000000,20000.0000000000,20000.0000000000,20000.0000000000
20000.0000000000,842718.2045848211,1560078.2422283839,2179042.6049963492,2706535.7855082718,3149236.2036195588,3513453.7486454914,3805078.8566312864,4029581.9729634682,4192043.7282031123,4297200.9470564676,4349498.5700157145,4353141.5755685763,4312143.7621546583,4230372.0225969199,4111585.8148259479,3959472.0875214925,3777676.2152706399,3569829.6461144672,3339574.9947847114,3090589.3080454255,2826606.2393384022,2551437.8077279525,2268996.3991972529,1983317.6467703413,1698584.6490691381,1419153.8563291517,1149582.6443198347,894658.0816258118,659425.7271333502,449216.5780528288,269669.8339202341,126750.0742724703,26764.9403912938,20000.0000000000,20000.0000000000,52836.9463340094,193999.3045878827,340728.3628394880,20000.0000000000,20000.0000000000,20000.0000000000,20000.0000000000,20000.0000000000,20000.0000000000,20000.0000000000,20000.0000000000,20000.0000000000,20000.0000000000,20000.0000000000,20000.0000000000
20000.0000000000,791257.1088776421,1458205.1286571266,2029048.2155834951,2511742.5129066864,2913740.9033766557,3241876.8641422074,3502348.2575741350,3700760.3456747239,3842197.2341999314,3931302.2348174755,3972356.3372974801,3969349.6880455776,3926044.3373005129,3846028.2642743308,3732761.5204126439,3589615.6653224118,3419907.7379150810,3226929.9394673556,3013976.1410319791,2784366.2269527949,2541469.2423873832,2288726.2375780223,2029673.6891454877,1767968.3813695747,1507414.5196172921,1251993.7259385288,1005898.2581478030,773567.1665628806,559724.0878947922,369413.9477481460,208034.0430774786,81352.0397461344,20000.0000000000,20000.0000000000,20000.0000000000,51624.2009290225,198589.8133896097,20000.0000000000,20000.0000000000,20000.0000000000,20000.0000000000,20000.0000000000,20000.0000000000,20000.0000000000,20000.0000000000,20000.0000000000,20000.0000000000,20000.0000000000,20000.0000000000,20000.0000000000
20000.0000000000,732392.6696917687,1341856.8096333614,1858220.8047389004,2290698.6734802769,2647601.9965477274,2936272.7288958314,3163144.2774252184,3333859.5356615717,3453403.1219686251,3526226.5349618974,3556357.7841875069,3547493.7045960571,3503076.2253817576,3426354.9274671590,3320438.4014803674,3188336.7356779347,3032997.1545640393,2857334.5112715834,2664258.1025270037,2456696.0765086696,2237618.6073445608,2010060.9207039897,1777147.2699583403,1542117.0176268176,1308353.9753376890,1079420.1412924989,859094.7743827755,651419.1077348641,460745.6747112263,291789.0033788516,149672.0922240868,39966.2267249542,20000.0000000000,20000.0000000000,20000.0000000000,52801.6004285725,20000.0000000000,20000.0000000000,20000.0000000000,20000.0000000000,20000.0000000000,20000.0000000000,20000.0000000000,20000.0000000000,20000.0000000000,20000.0000000000,20000.0000000000,20000.0000000000,20000.0000000000,20000.0000000000
20000.0000000000,664439.7672697005,1207901.1141526406,1662374.5150348006,2038575.2719126167,2345696.0416645757,2591485.5121551538,2782459.6185560031,2924137.2614616686,3021253.8794480474,3077938.9053316414,3097857.4176344373,3084321.2877653325,3040376.0263085212,2968868.8773830719,2872502.7207248718,2753879.3412447441,2615534.8263476910,2459969.2840817580,2289672.6014835117,2107147.7082059057,1914932.6504528390,1715622.6922676803,1511893.7269026905,1306528.4004068326,1102446.5460625184,902741.7256684731,710725.8019367985,529983.1080384521,364434.3247915087,218406.3845108352,96696.3325520870,20000.0000000000,20000.0000000000,20000.0000000000,20000.0000000000,20000.0000000000,20000.0000000000,20000.0000000000,20000.0000000000,20000.0000000000,20000.0000000000,20000.0000000000,20000.0000000000,20000.0000000000,20000.0000000000,20000.0000000000,20000.0000000000,20000.0000000000,20000.0000000000,20000.0000000000
20000.0000000000,584979.9559236787,1051987.8019986404,1435918.5362401756,1749168.1934743926,2001670.3217749014,2201318.1730883438,2354433.9633280216,2466167.1705061211,2540801.4305091202,2581982.1985484390,2592883.7281787116,2576331.8214084650,2534894.9285532502,2470952.7090279800,2386748.5206623711,2284430.4255107734,2166084.0144167817,2033759.4786008918,1889494.7890867000,1735336.4873668593,1573359.4170630625,1405686.6482351960,1234510.9500479645,1062119.4178147845,890923.2349040282,723495.1454575220,562617.9557565430,411347.9614762298,273096.8242151514,151732.2156189147,51689.2843137878,20000.0000000000,20000.0000000000,20000.0000000000,20000.0000000000,20000.0000000000,20000.0000000000,20000.0000000000,20000.0000000000,20000.0000000000,20000.0000000000,20000.0000000000,20000.0000000000,20000.0000000000,20000.0000000000,20000.0000000000,20000.0000000000,20000.0000000000,20000.0000000000,20000.0000000000
20000.0000000000,490326.3382662003,867835.8052088399,1171230.8501706095,1414449.4426782373,1607662.5762667630,1758378.6039104820,1872284.0894602484,1953820.4247428132,2006568.1211802862,2033503.4495157138,2037172.4793171694,2019811.6085665044,1983433.0015787969,1929886.5993068025,1860906.2449330578,1778144.9000870411,1683202.2998180739,1577647.4413967831,1463037.6321587933,1340935.4825747812,1212925.0471500752,1080628.2560338336,945722.9343091703,809964.0163780324,675210.1566552995,543458.9340528816,416895.4758771021,297961.6434445525,189455.4495666722,94669.8768854204,20000.0000000000,20000.0000000000,20000.0000000000,20000.0000000000,20000.0000000000,20000.0000000000,20000.0000000000,20000.0000000000,20000.0000000000,20000.0000000000,20000.0000000000,20000.0000000000,20000.0000000000,20000.0000000000,20000.0000000000,20000.0000000000,20000.0000000000,20000.0000000000,20000.0000000000,20000.0000000000
20000.0000000000,374366.9762298789,645963.0851617891,857738.8174386184,1024027.8793655401,1154035.1311487046,1253979.4849988359,1328294.1294025853,1380300.7112796411,1412600.8927434606,1427313.6187225645,1426225.1540924297,1410887.8125832004,1382687.3112866441,1342890.2517414493,1292678.6448914954,1233175.7914496164,1165466.3251492083,1090612.3184077139,1009666.8205373061,923685.8845434344,833740.0035033975,740925.8361666148,646379.2552226947,551291.0832528422,456927.4926267648,364658.3251815233,275998.9275870868,192675.6625819353,116733.8294599945,50720.4088159791,20000.0000000000,20000.0000000000,20000.0000000000,20000.0000000000,20000.0000000000,20000.0000000000,20000.0000000000,20000.0000000000,20000.0000000000,20000.0000000000,20000.0000000000,20000.0000000000,20000.0000000000,20000.0000000000,20000.0000000000,20000.0000000000,20000.0000000000,20000.0000000000,20000.0000000000,20000.0000000000
20000.0000000000,225741.9668251969,371410.5461127216,480693.0910476075,564636.6721046147,629236.5660175043,678169.4490300163,713912.1290501102,738257.9852551969,752581.6388731725,757986.8447067359,755395.0973208542,745601.8149771163,729313.6708392333,707174.3944062353,679783.2609552393,647708.7898018354,611499.2508477417,571691.0487067370,528815.7335688010,483406.2116927567,436002.6582774649,387158.6077132467,337447.8018462668,287472.5928507667,237875.1098122226,189353.3722774835,142686.5716472022,98778.7434751354,58743.5311157590,24093.3650619887,20000.0000000000,20000.0000000000,20000.0000000000,20000.0000000000,20000.0000000000,20000.0000000000,20000.0000000000,20000.0000000000,20000.0000000000,20000.0000000000,20000.0000000000,20000.0000000000,20000.0000000000,20000.0000000000,20000.0000000000,20000.0000000000,20000.0000000000,20000.0000000000,20000.0000000000,20000.0000000000
20000.0000000000,20000.0000000000,20000.0000000000,20000.0000000000,20000.0000000000,20000.0000000000,20000.0000000000,20000.0000000000,20000.0000000000,20000.0000000000,20000.0000000000,20000.0000000000,20000.0000000000,20000.0000000000,20000.0000000000,20000.0000000000,20000.0000000000,20000.0000000000,20000.0000000000,20000.0000000000,20000.0000000000,20000.0000000000,20000.0000000000,20000.0000000000,20000.0000000000,20000.0000000000,20000.0000000000,20000.0000000000,20000.0000000000,20000.0000000000,20000.0000000000,20000.0000000000,20000.0000000000,20000.0000000000,20000.0000000000,20000.0000000000,20000.0000000000,20000.0000000000,20000.0000000000,20000.0000000000,20000.0000000000,20000.0000000000,20000.0000000000,20000.0000000000,20000.0000000000,20000.0000000000,20000.0000000000,20000.0000000000,20000.0000000000,20000.0000000000,20000.0000000000
